Productivity module,Prod bonus,Quality module,Qual bonus,E_out,n_p,n_q
T1Q1,0.04,T1Q1,0.010,0.0004460016841,0,2
T1Q2,0.05,T1Q2,0.013,0.0004656479783,0,2
T1Q3,0.06,T1Q3,0.016,0.0004868867742,0,2
T2Q1,0.06,T2Q1,0.020,0.0005181295472,0,2
T2Q2,0.07,T2Q2,0.026,0.0005727302649,0,2
T2Q3,0.09,T2Q3,0.032,0.0006391747794,0,2
