Productivity module,Prod bonus,Quality module,Qual bonus,E_out,n_p,n_q
T1Q1,0.04,T1Q1,0.010,0.0045349399559375397798,0,4
T1Q2,0.05,T1Q2,0.013,0.0049784862426057215197,0,4
T1Q3,0.06,T1Q3,0.016,0.0054948965881794680887,0,4
T2Q1,0.06,T2Q1,0.020,0.0063159903820999918497,0,4
T2Q2,0.07,T2Q2,0.026,0.0078842250317778515733,0,4
T2Q3,0.09,T2Q3,0.032,0.0099324193060907652790,0,4
