Productivity module,Prod bonus,Quality module,Qual bonus,E_out,n_p,n_q
T1Q1,0.04,T1Q1,0.010,0.020010873240356822841,0,4
T1Q2,0.05,T1Q2,0.013,0.022376949386839597219,0,4
T1Q3,0.06,T1Q3,0.016,0.025057394338782199763,0,4
T2Q1,0.06,T2Q1,0.020,0.029115005051630730500,0,4
T2Q2,0.07,T2Q2,0.026,0.036223285621406180224,0,4
T2Q3,0.09,T2Q3,0.032,0.044536679527434946132,0,4
