Productivity module,Prod bonus,Quality module,Qual bonus,E_out,n_p,n_q
T1Q1,0.04,T1Q1,0.010,0.10342371509510319708,0,4
T1Q2,0.05,T1Q2,0.013,0.11755039478858894592,0,4
T1Q3,0.06,T1Q3,0.016,0.13158421613363619916,0,4
T2Q1,0.06,T2Q1,0.020,0.15015310717502251576,0,4
T2Q2,0.07,T2Q2,0.026,0.17770460510617990933,0,4
T2Q3,0.09,T2Q3,0.032,0.20490013631245184614,0,4
